<?xml version="1.0" encoding="UTF-8"?>
<project-private xmlns="http://www.netbeans.org/ns/project-private/1">
    <editor-bookmarks xmlns="http://www.netbeans.org/ns/editor-bookmarks/2" lastBookmarkId="0"/>
    <open-files xmlns="http://www.netbeans.org/ns/projectui-open-files/2">
        <group>
            <file>file:/C:/Users/Frankie%20Austin/Documents/EENG383/GITRepositories/eeng383_lab05/lab05.X/main.c</file>
            <file>file:/C:/Users/Frankie%20Austin/Documents/EENG383/GITRepositories/eeng383_lab05/lab05.X/mcc_generated_files/tmr0.h</file>
            <file>file:/C:/Users/Frankie%20Austin/Documents/EENG383/GITRepositories/eeng383_lab05/lab05.X/mcc_generated_files/device_config.c</file>
            <file>file:/C:/Users/Frankie%20Austin/Documents/EENG383/GITRepositories/eeng383_lab05/lab05.X/mcc_generated_files/eusart1.c</file>
            <file>file:/C:/Users/Frankie%20Austin/Documents/EENG383/GITRepositories/eeng383_lab05/lab05.X/mcc_generated_files/epwm1.c</file>
            <file>file:/C:/Users/Frankie%20Austin/Documents/EENG383/GITRepositories/eeng383_lab05/lab05.X/mcc_generated_files/epwm3.c</file>
        </group>
    </open-files>
</project-private>
